ID,S7A_694497035,S2A_118216469,S5B_565507635,S3D_295967307,S3A_16994163,S6D_24028817,S2B_644162831,,,,,,,,
9232,T,G,H,C,H,G,G,,,,,,,,
9233,T,G,G,C,G,G,H,,,,,,,,
9241,T,G,A,C,G,G,G,,,,,,,,
9245,H,G,A,C,H,G,G,,,,,,,,
051102-13LE43,G,G,G,C,G,G,G,,,,,,,,
061349-13LE31,G,G,G,C,G,H,A,,,,,,,,
071518-16E39,G,G,,T,G,G,G,,,,,,,,
091291-16LE28,G,G,A,C,A,G,A,,,,,,,,
09129-16E55,G,A,G,C,G,G,G,,,,,,,,
09377-16LE18,G,G,A,C,A,A,A,,,,,,,,
09436-16LE12,H,G,A,C,G,A,H,,,,,,,,
09589-17E22,G,G,A,C,G,H,A,,,,,,,,
101004-17LE17,G,G,G,C,G,G,G,,,,,,,,
101263-17LE19,G,A,G,C,G,A,G,,,,,,,,
101298-17LE11,G,H,A,C,G,H,A,,,,,,,,
101405-17E17,G,G,G,C,G,G,A,,,,,,,,
10268-17LE16,G,G,H,H,A,H,A,,,,,,,,
10407-17E8,G,A,A,T,G,A,A,,,,,,,,
10559-17E14,G,A,G,T,G,H,A,,,,,,,,
111093-17LE9,H,G,G,C,G,G,A,,,,,,,,
11656-17E11,G,G,A,C,G,A,A,,,,,,,,
11656-17E12,G,G,A,C,G,A,A,,,,,,,,
12VTK10-156,G,G,G,C,G,G,A,,,,,,,,
12VTK16-284,G,G,G,T,G,A,G,,,,,,,,
12VTK17-159,G,G,G,T,G,G,G,,,,,,,,
13VA-FHB-DH131,G,A,G,C,G,A,A,,,,,,,,
13VTK128-75,G,G,G,C,G,G,H,,,,,,,,
14VDH-SRW18-027,G,G,G,C,G,G,G,,,,,,,,
15VDH-FHB-MAS09-10,G,G,G,C,G,G,G,,,,,,,,
15VDH-FHB-MAS17-23,G,G,G,H,G,G,H,,,,,,,,
15VDH-FHB-MAS22-15,G,G,G,C,G,G,H,,,,,,,,
15VDH-FHB-MAS33-30,G,G,G,C,G,G,G,,,,,,,,
15VDH-FHB-MAS38-01,G,G,G,C,G,G,G,,,,,,,,
15VDH-FHB-MAS41-13,G,G,G,C,G,G,G,,,,,,,,
28SAWSN-3047,T,G,G,C,A,G,G,,,,,,,,
28SAWSN-3106,T,G,G,C,G,G,G,,,,,,,,
43IBWSN-1101,H,G,H,C,A,G,G,,,,,,,,
43IBWSN-1118,H,G,A,C,G,A,G,,,,,,,,
AC BARRIE,G,G,A,C,G,G,G,,,,,,,,
Ada,G,G,G,C,G,G,G,,,,,,,,
AGS 2024,G,G,A,C,G,G,G,,,,,,,,
AGS 2033,G,A,A,C,G,G,A,,,,,,,,
AGS 3030,G,G,G,C,G,G,G,,,,,,,,
AGS3040,G,G,G,C,G,G,A,,,,,,,,
AR06037-17-2,G,G,G,C,G,G,G,,,,,,,,
AR10049-13-3-2,T,G,G,C,G,G,G,,,,,,,,
AR11029-14-3,H,G,G,H,G,G,A,,,,,,,,
AR11033-6-3,G,G,G,H,G,G,A,,,,,,,,
AR11051-14-1,G,G,A,C,G,G,G,,,,,,,,
AR11051-15-1,G,G,A,C,G,G,G,,,,,,,,
AR11051-15-3,G,G,A,C,G,G,G,,,,,,,,
AR11130-3-4,G,G,G,C,G,H,A,,,,,,,,
AR11178-14-3,G,G,G,C,G,G,G,,,,,,,,
AR11255-10-3,G,G,G,C,A,A,A,,,,,,,,
AR11289-8-1,G,H,G,C,G,H,H,,,,,,,,
AR11289-8-3,G,A,G,C,G,A,H,,,,,,,,
AR12ID028-20-1,H,G,G,H,G,G,A,,,,,,,,
AR12ID028-20-2,G,G,G,C,G,G,A,,,,,,,,
AR12ID071-11-4,G,G,A,C,G,A,G,,,,,,,,
AR12ID071-12-2,G,G,A,C,G,A,G,,,,,,,,
ARDH13216-12,G,G,G,C,G,G,G,,,,,,,,
ARFHBDH1_133,T,A,G,C,G,G,G,,,,,,,,
ARFHBDH1_81,T,A,G,T,G,G,G,,,,,,,,
ARFHBDH2_30,T,G,G,C,G,G,G,,,,,,,,
ARFHBDH2_72,G,G,G,C,G,G,G,,,,,,,,
ARFHBDH2_75,G,G,G,C,G,G,G,,,,,,,,
ARGA09485-10-1,G,A,A,C,G,A,A,,,,,,,,
ARLA06146E-1-4,G,G,G,C,G,G,G,,,,,,,,
ARLA07133C-19-4,G,G,G,H,G,G,G,,,,,,,,
ARLA09137UC-17-2,G,G,G,C,G,G,G,,,,,,,,
ARLA09179UC-1-1,G,G,G,C,G,G,G,,,,,,,,
ARLA09179UC-9-3,G,G,G,C,G,G,G,,,,,,,,
ARLA09218C-5-2,G,G,G,C,G,A,A,,,,,,,,
ARLA12080LDH-113,T,G,A,T,G,G,G,,,,,,,,
ARLA12080LDH-55,G,G,G,T,G,G,G,,,,,,,,
ARLA12080LDH-56,G,G,G,T,G,G,G,,,,,,,,
ARLA12275LDH-5,H,G,G,C,G,H,G,,,,,,,,
ARLA12275LDH-56,G,G,G,C,G,A,G,,,,,,,,
ARNC11359-25,G,G,G,H,G,G,G,,,,,,,,
ARNC11363-25,G,G,G,C,G,G,G,,,,,,,,
BERKUT,T,G,A,C,A,G,G,,,,,,,,
Bolles,T,G,G,C,G,A,H,,,,,,,,
Dayn,G,G,A,C,G,H,G,,,,,,,,
DH12SRW056-058,G,G,G,C,G,G,G,,,,,,,,
DH13SRW022-279    (VTK2-279),G,G,G,C,G,G,G,,,,,,,,
DH13SRW022-69     (VTK2-69),G,G,G,C,G,G,G,,,,,,,,
DH13SRW025-14,G,G,G,C,G,G,A,,,,,,,,
DH14SRW070-182,G,G,G,C,G,G,G,,,,,,,,
Dharwar Dry,H,G,H,C,G,G,G,,,,,,,,
Fielder,G,G,H,C,G,G,G,,,,,,,,
GA08535-15LE29,G,A,A,C,G,A,A,,,,,,,,
GA10127-18E26,G,A,G,C,A,H,A,,,,,,,,
Go Wheat2032,G,G,A,H,G,H,A,,,,,,,,
H0800103L,G,G,G,C,G,G,G,,,,,,,,
H0900009,T,G,A,C,A,G,G,,,,,,,,
Hahan-1RS,T,G,G,C,A,G,G,,,,,,,,
Hahan-1RSMA,T,G,G,C,A,G,G,,,,,,,,
HJ98,G,G,A,C,G,A,G,,,,,,,,
HWO90071M,T,G,A,C,H,A,G,,,,,,,,
IDO1603S,T,G,A,C,G,G,G,,,,,,,,
IDO1605S,T,G,A,C,G,G,G,,,,,,,,
IDO1701S,T,G,A,C,G,G,G,,,,,,,,
IDO1703S,T,G,A,C,G,G,G,,,,,,,,
IDO851,G,G,A,C,G,H,G,,,,,,,,
Jefferson,G,G,A,C,G,A,G,,,,,,,,
LA07133CW-P4-29-2,T,G,A,C,G,G,G,,,,,,,,
LA08080C-31-1,G,G,G,C,G,G,G,,,,,,,,
LA08281C-P4-3-1,G,A,A,C,G,G,G,,,,,,,,
LA09095C-25-2-X-4,G,G,G,C,G,G,A,,,,,,,,
LA09225C-33-3,G,A,A,C,G,A,A,,,,,,,,
LA10084C-74-X-1,G,G,G,C,G,G,G,,,,,,,,
LA10191C-1,G,G,G,C,G,G,G,,,,,,,,
LA11075SB-25-2,G,G,G,C,G,A,A,,,,,,,,
LA11082C-44-2,G,G,G,C,G,A,G,,,,,,,,
LA11082SB-11-B-2,G,G,G,T,G,A,G,,,,,,,,
LA11083C-66-1-4,G,G,G,T,G,A,G,,,,,,,,
LA11230C-38-3-4,G,G,G,C,G,G,G,,,,,,,,
LA11260C-17-1,G,G,A,C,G,G,A,,,,,,,,
LA11299C-41-2-1,G,G,G,C,G,G,G,,,,,,,,
LA11309GS-16-1A,G,G,G,T,G,G,G,,,,,,,,
LA12080LDH-122,T,G,G,H,G,G,G,,,,,,,,
LA12080LDH-72,G,G,A,T,G,G,G,,,,,,,,
LA12275DH-102,G,G,G,T,G,A,G,,,,,,,,
LA12275DH-56,G,G,G,C,G,A,G,,,,,,,,
LA13003C-BR58,G,A,A,C,G,G,A,,,,,,,,
LA13154D-WN1,G,G,H,C,G,A,A,,,,,,,,
LA13235DH-19,G,G,G,C,G,G,G,,,,,,,,
LA13235LDH-70,G,G,G,C,G,G,A,,,,,,,,
LA14066LDH-155,G,G,A,C,G,G,A,,,,,,,,
LA14076LDH-217,H,H,A,H,G,H,G,,,,,,,,
LA14100SC-WN27,G,G,G,C,G,H,G,,,,,,,,
LA14101LDH-152,G,G,H,C,G,H,G,,,,,,,,
LA15166-LDH029,G,G,G,C,G,G,A,,,,,,,,
LA15166-LDH215,G,G,G,C,G,G,G,,,,,,,,
LA15166-LDH272,G,G,G,C,G,G,A,,,,,,,,
LA15203-LDH047,G,G,A,C,G,G,A,,,,,,,,
LA15203-LDH053,G,G,A,C,G,G,G,,,,,,,,
LA15203-LDH076,G,G,G,C,G,G,A,,,,,,,,
LA15203-LDH112,G,G,G,C,G,G,A,,,,,,,,
LA15203-LDH115,G,G,G,C,G,G,A,,,,,,,,
Lang-MN,G,G,A,C,G,G,G,,,,,,,,
Lassik,T,G,A,C,G,G,G,,,,,,,,
Linkert,G,G,G,C,G,G,G,,,,,,,,
LOUISE,G,G,G,C,H,H,H,,,,,,,,
LW08094D-P1-1-1,G,H,A,H,G,A,H,,,,,,,,
Marshall,G,G,A,C,G,G,G,,,,,,,,
MN00261-4,T,G,A,C,G,G,G,,,,,,,,
MN05141-2,G,G,G,C,G,A,G,,,,,,,,
MN06018,G,G,G,C,G,G,G,,,,,,,,
MN06075-4,G,G,G,C,G,G,G,,,,,,,,
MN07098-6-Lr34,T,G,G,C,G,G,G,,,,,,,,
MN10201-4-A,T,G,A,C,G,G,G,,,,,,,,
MN10281-1-98,G,G,A,C,G,G,G,,,,,,,,
MN11394-6,G,G,G,C,A,G,G,,,,,,,,
MN14105-7,T,G,A,C,A,G,G,,,,,,,,
MN14227-4,G,G,G,C,G,G,G,,,,,,,,
MT0415,G,G,G,C,G,G,G,,,,,,,,
NC11331-38,T,G,H,H,G,G,G,,,,,,,,
NC11331-6,G,G,G,T,G,G,G,,,,,,,,
NC11363-25,G,A,G,C,G,G,G,,,,,,,,
NC11546-14,G,G,G,T,G,G,G,,,,,,,,
NC11558-32,G,H,H,H,G,G,A,,,,,,,,
NC12093-10,G,G,G,T,G,G,G,,,,,,,,
NC12093-146,G,G,G,H,G,G,G,,,,,,,,
NC12164-192T,G,G,G,C,G,G,G,,,,,,,,
NC12164-198T,G,G,G,C,G,G,G,,,,,,,,
NC12164-200T,G,G,G,C,G,G,G,,,,,,,,
NC12164-217T,G,G,G,C,G,G,G,,,,,,,,
NC12164-22T,G,G,G,C,G,G,G,,,,,,,,
NC12164-25T,G,G,G,C,G,G,G,,,,,,,,
NC12164-2T,G,G,G,C,G,G,G,,,,,,,,
NC12164-94T,G,G,G,C,G,G,G,,,,,,,,
NC12164-97T,G,G,G,C,G,G,G,,,,,,,,
NC12193-21T,G,G,G,T,G,G,G,,,,,,,,
NC12193-40T,G,G,G,H,G,G,G,,,,,,,,
NC12193-49,G,G,G,T,G,G,G,,,,,,,,
NC12617-7,G,G,G,C,G,G,G,,,,,,,,
NC12642-38,G,G,G,C,G,G,H,,,,,,,,
NC12642-81,G,G,G,T,G,G,G,,,,,,,,
NC12642-97T,G,G,G,C,G,G,A,,,,,,,,
NC12753-103,G,G,G,C,G,G,G,,,,,,,,
NC12753-139,G,G,G,C,G,G,G,,,,,,,,
NC12753-225,G,G,G,C,G,G,G,,,,,,,,
NC12753-97,G,G,G,C,G,G,G,,,,,,,,
NC13-21213,G,G,G,C,G,G,G,,,,,,,,
NC14-20369,G,G,G,C,G,G,G,,,,,,,,
NC14-20985,G,G,G,C,G,G,G,,,,,,,,
NC14-22588,G,G,G,H,G,H,G,,,,,,,,
NC14-23372,G,G,G,T,G,G,G,,,,,,,,
NC15-21787,G,A,G,T,G,G,A,,,,,,,,
NC15-21834,G,G,G,C,G,G,G,,,,,,,,
NC15-21835,G,G,G,C,G,G,G,,,,,,,,
NC15-21836,H,G,G,H,G,G,G,,,,,,,,
NC15-21877,G,G,G,C,G,G,G,,,,,,,,
NC15-21970,G,H,G,C,G,H,G,,,,,,,,
NC16-19288,G,G,G,T,G,A,G,,,,,,,,
NC16-19449,G,G,G,C,G,G,G,,,,,,,,
NC16-21185,G,G,G,T,G,G,G,,,,,,,,
Norden,G,G,G,C,G,G,G,,,,,,,,
Norm,G,G,A,C,G,G,G,,,,,,,,
Oklee,T,G,A,C,G,H,G,,,,,,,,
PI610750 ,G,G,G,C,G,G,G,,,,,,,,
RB07,G,G,A,C,G,A,G,,,,,,,,
RSI5 Yr5 Yr15 Gpc HMW 1,T,G,A,C,G,G,G,,,,,,,,
SAVOY,G,H,A,C,G,G,A,,,,,,,,
SH5550,G,G,G,C,G,H,G,,,,,,,,
SpCB-3004,G,G,A,C,G,G,G,,,,,,,,
SRRN-6032,G,G,A,C,A,G,G,,,,,,,,
SRRN-6038,G,G,G,C,A,G,G,,,,,,,,
SS 8641,G,G,G,C,G,G,G,,,,,,,,
Summit 515,T,G,A,C,G,A,G,,,,,,,,
UC1618,T,G,A,C,G,G,G,,,,,,,,
UC896 5+10 Lr34/Yr18 Yr5 Gpc,T,G,A,C,G,A,G,,,,,,,,
UI Platinum,G,G,A,C,G,H,G,,,,,,,,
UI Stone,H,G,G,C,G,G,G,,,,,,,,
UI Winchester,H,G,H,C,G,H,G,,,,,,,,
VA09MAS2-131-6-2,G,G,G,T,G,G,G,,,,,,,,
VA09MAS6-122-7-1,G,A,G,C,G,G,G,,,,,,,,
VA12MAS11-779-5-2,G,G,G,T,G,G,G,,,,,,,,
VA13W-174,G,G,G,T,G,A,G,,,,,,,,
VA15W-130,G,G,G,C,G,G,A,,,,,,,,
VA15W-30,G,H,H,T,H,H,A,,,,,,,,
VA15W-86,G,G,G,C,G,G,G,,,,,,,,
VA16FHB-5,G,G,G,C,G,A,A,,,,,,,,
VA16W-202,G,G,G,C,G,G,A,,,,,,,,
VA16W-22,G,G,H,C,G,G,A,,,,,,,,
VA17FHB-231,G,G,G,C,G,G,G,,,,,,,,
VA17W-126,G,G,G,C,G,G,G,,,,,,,,
VA17W-176,G,G,G,C,H,G,G,,,,,,,,
VA17W-187,G,G,H,C,G,G,G,,,,,,,,
VA17W-198,G,G,G,T,G,G,G,,,,,,,,
VA17W-208,G,G,A,C,G,G,G,,,,,,,,
VA17W-74,G,G,G,C,G,G,G,,,,,,,,
VA-MD16W-299,T,G,G,C,G,G,G,,,,,,,,
VA-MD16W-486,G,G,G,C,G,G,A,,,,,,,,
VA-MD16W-502,G,G,G,C,G,G,G,,,,,,,,
Vida,G,G,A,C,G,G,G,,,,,,,,
WA8034,G,G,G,C,G,H,G,,,,,,,,
